north,n
northeast,ne
northwest,nw
south,s
southeast,se
southwest,sw
east,e
west,w
avenue,ave
boulevard,blvd
center,ctr
circle,cir
court,ct
drive,dr
expressway,expy
freeway,fwy
highway,hwy
junction,jct
lane,ln
mountain,mtn
parkway,pkwy
place,pl
road,rd
route,rte
street,st
terrace,ter
apartment,apt
building,bldg
room,rm
suite,ste
account,acct
administration,admin
administrator,admin
administrators,admins
advertising,ad
agriculture,ag
alabama,al
alaska,ak
america,amer
american,amer
and,&
architects,arch
arizona,az
arkansas,ar
assn,assoc
associated,assoc
association,assoc
attorney,atty
barbeque,bbq
california,ca
centers,ctrs
central,cntrl
chapter,ch
city,cty
cmte,comm
colorado,co
commercial,comm
commission,comm
committee,comm
companies,cos
company,co
comprehensive,comp
conditioning,cond
condominium,condo
conference,conf
connecticut,ct
construct,cons
construction,cons
consulting,cons
convention,conv
cooperative,coop
corporation,corp
council,cnl
county,cnty
defense,def
delaware,de
democrat,dem
democrats,dems
democratic,dem
department,dept
development,dev
distributors,dist
district,dist
district of columbia,dc
division,div
doctor,dr
doctors,drs
ecology,eco
education,edu
eight,8
eighth,8th
electrical,elec
elementary,elem
eleven,11
eleventh,11th
employees,emp
engineering,eng
enterprise,ent
equipment,equip
established,est
estate,est
fabrication,fab
family,fam
federal,fed
federated,fed
federation,fed
fifth,5th
financial,fin
first,1st
five,5
florida,fl
four,4
fourteenth,14th
fourth,4th
freight,frt
fund,fnd
general,gen
generic,gen
georgia,ga
government,govt
governor,gov
grocers,groc
group,grp
guam,gu
guild,gld
hawaii,hi
headquarters,hq
high school,hs
idaho,id
illinois,il
incorporated,inc
independent,ind
indiana,in
information,info
insurance,ins
international,intl
investments,inv
iowa,ia
junior,jr
kansas,ks
kentucky,ky
legislative,leg
lieutenant,lt
limited,ltd
local,lcl
louisiana,la
machinists,mach
maine,me
maintenance,maint
major,mjr
management,mgmt
manufactured,mfg
manufacturers,mfg
manufacturing,mfg
marketing,mktg
maryland,md
massachusetts,ma
medical,med
medical doctor,md
metropolitan,met
mexican,mex
michigan,mi
minnesota,mn
mississippi,ms
missouri,mo
mister,mr
montana,mt
municipal,muni
national,natl
nebraska,ne
nevada,nv
new hampshire,nh
new jersey,nj
new mexico,nm
new york,ny
nine,9
ninth,9th
north carolina,nc
north dakota,nd
ohio,oh
oklahoma,ok
one,1
operating,op
order,ord
oregon,or
organization,org
organizational,org
pacific nw,pnw
pennsylvania,pa
performance,perf
pharmaceutical,pharma
pharmaceuticals,pharma
physicians,phys
point,pt
police,pol
political action comm,pac
political action fnd,pac
political affairs cnl,pac
power,pwr
premium,prem
processors,proc
professional,pro
psychological,psych
public,pub
public relations,pr
puerto rico,pr
ranch,rnch
region,reg
regional,reg
republican,rep
republicans,reps
reservation,res
rhode island,ri
saint,st
second,2nd
security,sec
senate,sen
senator,sen
senior,sr
service,svc
services,svcs
seven,7
seventh,7th
six,6
sixth,6th
society,soc
south carolina,sc
south dakota,sd
special,spec
square,sq
state,st
station,sta
surgical,surg
surplus,surpl
systems,sys
technical,tech
technology,tech
ten,10
tennessee,tn
tenth,10th
texas,tx
the,
third,3rd
thirteenth,13th
three,3
training,trng
transportation,trans
twelfth,12th
two,2
united states,us
utah,ut
valley,vly
vegetables,veg
vermont,vt
virginia,va
warehouse,whse
wash,wa
washington,wa
west virginia,wv
western,wstrn
wisconsin,wi
wyoming,wy
amer fed of teachers,aft
amer fed of st cnty & muni emp,afscme
assoc builders & contractors,abc
assoc gen contractors,agc
assoc of wa business,awb
gun owners action league,goal
house dem campaign comm,hdcc
house rep org comm,hroc
intl assoc of firefighters,iaff
intl brotherhood of electrical workers,ibew
intl union of op engineers,iuoe
natl elec contractors assoc,neca
natl fed of ind business,nfib
pub school emp,pse
rental housing assoc,rha
retired pub emp cnl,rpec
sheet metal air rail trans,smart
svc emp intl union,seiu
united food & comm workers,ufcw
university of wa,uw
wa cannabusiness assoc,waca
wa edu assoc,wea
wa fed of st emp,afscme
wa food industry assoc,wfia
wa forest protection assoc,wfpa
wa health care assoc,whcs
wa multifamily housing assoc,wmfha
wa physical therapy,wpt
wa refuse & recycling assoc,wrra
wa rental owners assoc,wroa
wa st labor cnl,aflcio
wa st podiatric medical assoc,wspma
wa st university,wsu
wa st veterinary medical assoc,wsvma
wa tech industry assoc,wtia
afl cio,aflcio
wa st,wa
weapac,wea pac
wfse,afscme
jamie,james
jim,james
jimmie,james
jimmy,james
jack,john
jock,john
johnny,john
bob,robert
bobby,robert
rob,robert
robby,robert
robin,robert
mae,mary
mitzi,mary
molly,mary
polly,mary
micah,michael
mick,michael
micky,michael
mike,michael
bill,william
billy,william
will,william
willie,william
willy,william
dave,david
davey,david
dick,richard
dickie,richard
dicky,richard
rich,richard
rick,richard
ricky,richard
carl,charles
charlie,charles
chuck,charles
joe,joseph
joey,joseph
thom,thomas
tom,thomas
tommy,thomas
pat,patricia
patsy,patricia
patty,patricia
tricia,patricia
lynn,linda
chris,christopher
kit,christopher
babs,barbara
barbie,barbara
bobbie,barbara
dan,daniel
danny,daniel
bess,elizabeth
bessie,elizabeth
beth,elizabeth
betsy,elizabeth
betty,elizabeth
eliza,elizabeth
lib,elizabeth
libby,elizabeth
lisa,elizabeth
liz,elizabeth
liza,elizabeth
lizzie,elizabeth
jen,jennifer
jenn,jennifer
jenna,jennifer
jennie,jennifer
jenny,jennifer
don,donald
donnie,donald
donny,donald
ken,kenneth
kenny,kenneth
sue,susan
susie,susan
suzie,susan
steph,steven
stephen,steven
steve,steven
ed,edward
eddie,edward
eddy,edward
ned,edward
daisy,margaret
gretta,margaret
madge,margaret
maggie,margaret
maggy,margaret
marge,margaret
margery,margaret
margie,margaret
margy,margaret
meg,margaret
midge,margaret
peg,margaret
peggy,margaret
rita,margaret
dolly,dorothy
dortha,dorothy
dot,dorothy
dotty,dorothy
ron,ronald
ronny,ronald
ronnie,ronald
tony,anthony
nan,nancy
nanny,nancy
ella,ellen
ellie,ellen
lena,helen
matt,matthew
mattie,matthew
matty,matthew
tim,timothy
timmy,timothy
cassie,sandra
cassandra,sandra
sandy,sandra
geoff,jeffrey
jeff,jeffrey
carrie,carol
carole,carol
andy,andrew
drew,andrew
mickey,michelle
shelly,michelle
sadie,sarah
sally,sarah
kim,kimberly
deb,deborah
debbie,deborah
debby,deborah
jessie,jessica
ray,raymond
sherry,shirley
shirl,shirley
cindy,cynthia
cintha,cynthia
cy,cyrenius
lissa,melissa
mel,melissa
milly,melissa
missy,melissa
josh,joshua
jereme,jerry
becca,rebecca
becky,rebecca
reba,rebecca
ginger,virginia
ginny,virginia
jane,virginia
virgy,virginia
cathy,kathleen
kathy,kathleen
katy,kathleen
kay,kathleen
kittie,kathleen
trina,kathleen
pam,pamela
denny,dennis
manda,amanda
mandy,amanda
wally,walter
walt,walter
chrissy,christine
crissy,christine
kris,christine
kristy,christine
tina,christine
pete,peter
jan,janet
hal,harold
harry,harold
cissy,frances
fanny,frances
fran,frances
francie,frances
frankie,frances
frannie,frances
hank,henry
annie,ann
nana,ann
nancy,ann
joy,joyce
allie,alice
jule,julie
terry,teresa
art,arthur
rod,roger
roge,roger
jeannie,jean
sheryl,cheryl
al,albert
bert,albert
kate,katherine
kaye,katherine
jon,jonathan
gerry,gerald
jerry,gerald
jo,joan
sam,samuel
sammy,samuel
fred,fredrick
freddy,fredrick
rosie,rose
larry,lawrence
lon,lawrence
lonny,lawrence
lorne,lawrence
lorry,lawrence
christy,christina
nick,nicholas
tess,theresa
tessa,theresa
tessie,theresa
tracy,theresa
ben,benjamin
bennie,benjamin
rena,irene
janie,jane
jean,jane
erin,aaron
gene,eugene
lois,louise
russ,russell
rusty,russell
jill,julia
julie,julia
vic,victor
louise,lois
ernie,ernest
phil,phillip
lil,lillian
lilly,lillian
emma,emily
emmy,emily
millie,emily
flo,florence
clair,clarence
clare,clarence
belle,rosabel
rosa,rosabel
rose,rosabel
roz,rosabel
len,leonard
lenny,leonard
leo,leonard
leon,leonard
nat,nathan
nate,nathan
torie,victoria
tory,victoria
vicki,victoria
vicky,victoria
curt,curtis
edie,edith
marv,marvin
char,charlotte
lotta,charlotte
lottie,charlotte
vin,vincent
vince,vincent
vinnie,vincent
vinny,vincent
jake,jacob
jay,jacob
nita,juanita
frank,francis
eva,evaline
eve,evaline
herb,herbert
les,leslie
freddie,frederick
fritz,frederick
lu,lucille
lucy,lucille
elaine,eleanor
lenora,eleanor
nelly,eleanor
nora,eleanor
val,valerie
bertie,bertha
birdie,bertha
ronie,veronica
ronna,veronica
vonnie,veronica
dina,geraldine
gerrie,geraldine
lorrie,lorraine
gina,regina
alex,alexander
bea,beatrice
trisha,beatrice
trix,beatrice
trixie,beatrice
barney,bernard
berney,bernard
bernie,bernard
vonna,yvonne
roy,leroy
mark,marcus
theo,theodore
ted,theodore
teddy,theodore
cliff,clifford
ford,clifford
robbie,roberta
etta,loretta
retta,loretta
janet,jeanette
cal,calvin
essa,vanessa
nessa,vanessa
vanna,vanessa
elsey,elsie
wash,washington
gert,gertrude
gertie,gertrude
trudy,gertrude
eric,derrick
linda,melinda
mindy,melinda
connie,constance
gil,gilbert
wilber,gilbert
lyddy,lydia
court,courtney
carol,caroline
reggie,reginald
nate,nathaniel
chet,chester
gwen,gwendolyn
wendy,gwendolyn
gabby,gabriel
gabe,gabriel
sandra,cassandra
mitch,mitchell
rollo,roland
rolly,roland
percy,percival
cilla,priscilla
prissy,priscilla
mimi,miriam
sher,sheryl
brina,sabrina
bella,isabel
issy,isabel
izzy,isabel
hattie,harriet
celia,cecilia
joan,joanna
kc,casey
maddy,madeline
magda,madeline
amy,amelia
emily,amelia
sid,sidney
syd,sidney
jenny,genevieve
ike,isaac
livia,olivia
netta,antoinette
bridie,bridget
stu,stuart
nik,nick
roxie,roxanne
alla,alexandra
hugh,hubert
cam,cameron
stella,estelle
loren,lorenzo
abe,abraham
frieda,freda
dolph,rudolph
rolf,rudolph
rudy,rudolph
sophie,sophia
randy,randolph
dom,dominic
hetty,henrietta
del,delbert
ced,cedric
mira,miranda
fay,faith
cammie,camille
sly,sylvester
sy,sylvester
syl,sylvester
tabby,tabitha
winnet,winifred
winnie,winifred
adele,addy
sion,simon
irv,irving
abby,abigail
gail,abigail
woody,woodrow
iggy,ignatius
lonzo,alonzo
eli,elias
lias,elias
con,conrad
conny,conrad
corny,cornelius
niel,cornelius
brad,bradford
manny,emanuel
manuel,emanuel
ada,adeline
jr,junior
rube,reuben
gus,august
minnie,minerva
lily,lilly
clara,clarissa
bart,bartholomew
penny,penelope
sal,solomon
saul,solomon
sol,solomon
solly,solomon
thad,thaddeus
ralph,raphael
hy,hiram
clem,clement
freda,alfreda
august,augustine
merv,mervyn
zed,zedediah
ferdie,ferdinand
ez,ezra
rafa,rafaela
ossy,oswald
ozzy,oswald
waldo,oswald
jed,jedidiah
toby,tobias
winny,winnifred
eph,ephraim
prudy,prudence
prue,prudence
king,kingsley
archie,archibald
sully,sullivan
van,sullivan
dora,isadora